<?xml version="1.0" encoding="UTF-8"?>
<xml>
    <text>
        <!--  contributor: Amaya Willis  -->
        <pb pNum="218"/>
        <poem>
            <poemTitle/>
            <body>
                <stanza n="1">
                    <line n="1">Leave me and my name</line>
                    <line n="2">Just like I am!</line>
                </stanza>
                <stanza n="2">
                    <line n="3">Furthermore, rub out</line>
                    <line n="4"> That <format wordType="caps">MRS</format> ., too- </line>
                    <line n="5">I'll have you know</line>
                    <line n="6"> I'm <format wordType="italics">Madam</format> to you! </line>
                </stanza>
            </body>
        </poem>
        <pb pNum="0"/>
        <title>
            <format wordType="caps" margin="leftCenter">MONTAGE OF A DREAM DEFERRED</format>
        </title>
        <pb pNum="221"/>
        <poem>
            <poemTitle>Dream Boogie</poemTitle>
            <body>
                <stanza n="1">
                    <line n="1">Good morning, daddy!</line>
                    <line n="2">Ain't you heard</line>
                    <line n="3">The boogie-woogie rumble</line>
                    <line n="4">Of a dream deferred?</line>
                </stanza>
                <stanza n="2">
                    <line n="5">Listen closely;</line>
                    <line n="6">You'll hear their feet</line>
                    <line n="7">Beating out and beating out a-</line>
                </stanza>
                <stanza n="3">
                    <line n="8">
                        <format wordType="italics" margin="ind1">You think</format>
                    </line>
                    <line n="9">
                        <format wordType="italics" margin="ind1">It's a happy beat?</format>
                    </line>
                </stanza>
                <stanza n="4">
                    <line n="10">Listen to it closely;</line>
                    <line n="11">Ain't you heard</line>
                    <line n="12">something underneath</line>
                    <line n="13">like a-</line>
                </stanza>
                <stanza n="5">
                    <line n="14">
                        <format wordType="italics" margin="ind1">What did I say?</format>
                    </line>
                </stanza>
                <stanza n="6">
                    <line n="15">Sure,</line>
                    <line n="16">I'm happy!</line>
                    <line n="17">Take it away!</line>
                </stanza>
                <stanza n="7">
                    <line n="18">
                        <format wordType="italics" margin="ind1">Hey, pop!</format>
                    </line>
                    <line n="19">
                        <format wordType="italics" margin="ind1">Re-bop!</format>
                    </line>
                    <line n="20">
                        <format wordType="italics" margin="ind1">Mop!</format>
                    </line>
                </stanza>
                <stanza n="8">
                    <line n="21">
                        <format wordType="italics" margin="ind1">Y-e-a-h!</format>
                    </line>
                </stanza>
            </body>
        </poem>
        <pb pNum="222"/>
        <poem>
            <poemTitle>Parade</poemTitle>
            <body>
                <stanza n="1">
                    <line n="1">Seven ladies</line>
                    <line n="2">and seventeen gentlemen</line>
                    <line n="3">at the Elks Club Lounge</line>
                    <line n="4">
                        <format wordType="underline">planning planning</format> a parade: </line>
                    <line n="5">Grand Marshal in his white suit</line>
                    <line n="6">will lead it.</line>
                    <line n="7">Cadilacs with dignitaries</line>
                    <line n="8">will precede it.</line>
                    <line n="9">And behind will come</line>
                    <line n="10">with band and drum</line>
                    <line n="11">on foot... on foot...</line>
                    <line n="12">on foot...</line>
                </stanza>
                <stanza n="2">
                    <line n="13">Motorcycle cops,</line>
                    <line n="14">white,</line>
                    <line n="15">will speed it</line>
                    <line n="16">out of sight</line>
                    <line n="17">if they can;</line>
                    <line n="18">Solid black,</line>
                    <line n="19">can't be right.</line>
                </stanza>
                <stanza n="3">
                    <line n="20">Marching... marching...</line>
                    <line n="21">marching...</line>
                    <line n="22">noon till night...</line>
                </stanza>
                <stanza n="4">
                    <line n="23">
                        <format wordType="italics" margin="ind1">I never knew</format>
                    </line>
                    <line n="24">
                        <format wordType="italics" margin="ind1">that many Negroes</format>
                    </line>
                    <line n="25">
                        <format wordType="italics" margin="ind1"/> were on earth, </line>
                    <line n="26">
                        <format wordType="italics" margin="ind1"/> did you? </line>
                </stanza>
                <stanza n="5">
                    <line n="27">
                        <format wordType="italics" margin="ind1">I never knew!</format>
                    </line>
                </stanza>
                <stanza n="5">
                    <line n="27">
                        <format wordType="caps" margin="ind2">PARADE</format>
                    </line>
                </stanza>
            </body>
        </poem>
        <pb pNum="223"/>
        <poem cont="continued">
            <poemTitle>Parade</poemTitle>
            <body>
                <stanza n="6">
                    <line n="28">
                        <format margin="ind1">A chance to let</format>
                    </line>
                </stanza>
                <stanza n="7">
                    <line n="29">
                        <format wordType="caps" margin="ind2">PARADE</format>
                    </line>
                </stanza>
                <stanza n="8">
                    <line n="30">
                        <format margin="ind1">the whole world see</format>
                    </line>
                </stanza>
                <stanza n="9">
                    <line n="31">
                        <format wordType="caps" margin="ind2">PARADE</format>
                    </line>
                </stanza>
                <stanza n="10">
                    <line n="32">
                        <format margin="ind1">old black me!</format>
                    </line>
                </stanza>
            </body>
        </poem>
        <!--  <margin> AW: something is written here, I can't tell what it says </margin>  -->
        <poem>
            <poemTitle>Children's Rhymes</poemTitle>
            <body>
                <stanza n="1">
                    <line n="1"> When I was a chile
                        <!-- AW: I assume this is spelled this way to make the poem sound better -->
                        we used to play, </line>
                    <line n="2">
                        <q>One-two-buckle my shoe!</q>
                    </line>
                    <line n="3">and things like that. But now, Lord,</line>
                    <line n="4">listen at them little varmints!</line>
                </stanza>
                <stanza n="2">
                    <line n="5">
                        <format wordType="italics" margin="ind1">By what sends</format>
                    </line>
                    <line n="6">
                        <format wordType="italics" margin="ind1">the white kids</format>
                    </line>
                    <line n="7">
                        <format wordType="italics" margin="ind1">I ain't sent:</format>
                    </line>
                    <line n="8">
                        <format wordType="italics" margin="ind1">I know I can't</format>
                    </line>
                    <line n="9">
                        <format wordType="italics" margin="ind1">be President.</format>
                    </line>
                </stanza>
                <stanza n="3">
                    <line n="10">There is two thousand children</line>
                    <line n="11">in this block, I do believe!</line>
                </stanza>
                <stanza n="4">
                    <line n="12">
                        <format wordType="italics" margin="ind1">What don't bug</format>
                    </line>
                    <line n="13">
                        <format wordType="italics" margin="ind1"/> then white kids </line>
                    <line n="14">
                        <format wordType="italics" margin="ind1"/> sure bugs me; </line>
                    <line n="15">
                        <format wordType="italics" margin="ind1"/> We knows everybody </line>
                    <line n="16">
                        <format wordType="italics" margin="ind1"/> ain't free! </line>
                </stanza>
            </body>
        </poem>
        <pb pNum="224"/>
        <poem cont="continued">
            <poemTitle>Children's Rhymes</poemTitle>
            <body>
                <stanza n="5">
                    <line n="17">Some of these young ones us cert'ly bad-</line>
                    <line n="18">One batted a hard ball right through my window</line>
                    <line n="19">and my gold fish et the glass.</line>
                </stanza>
                <stanza n="6">
                    <line n="20">
                        <format wordType="italics" margin="ind1">What's written down</format>
                    </line>
                    <line n="21">
                        <format wordType="italics" margin="ind1">for white folks</format>
                    </line>
                    <line n="22">
                        <format wordType="italics" margin="ind1"/> ain't for us a-tall; </line>
                    <line n="23">
                        <format wordType="italics" margin="ind1"/>
                        <q>Liberty And Justice-</q>
                    </line>
                    <line n="24">
                        <format wordType="italics" margin="ind1"/>
                        <q>Huh-For All.</q>
                    </line>
                </stanza>
                <stanza n="7">
                    <line n="25">
                        <format wordType="italics" margin="ind1">Oop-pop-a-da!</format>
                    </line>
                    <line n="26">
                        <format wordType="italics" margin="ind1">Skee! Daddle-de-do!</format>
                    </line>
                    <line n="27">
                        <format wordType="italics" margin="ind1">Be-bop!</format>
                    </line>
                </stanza>
                <stanza n="8">
                    <line n="28">
                        <format margin="ind1">Salt'peanuts!</format>
                    </line>
                </stanza>
                <stanza n="9">
                    <line n="29">
                        <format wordType="italics" margin="ind1">De-dop!</format>
                    </line>
                </stanza>
            </body>
        </poem>
        <poem>
            <poemTitle>Sister</poemTitle>
            <body>
                <stanza n="1">
                    <line n="1">That little Negro's married and got a kid.</line>
                    <line n="2">Why does he keep on foolin' around Marie?</line>
                    <line n="3">Marie's my sister-not married to me-</line>
                    <line n="4">But why does he keep on foolin' around Marie?</line>
                    <line n="5">Why don't she get a boy-friend</line>
                    <line n="6">I can understand-some decent man?</line>
                </stanza>
                <stanza n="2">
                    <line n="7">
                        <format wordType="italics" margin="ind1">Did it ever occur to you,
                            son,</format>
                    </line>
                    <line n="7">
                        <format wordType="italics" margin="ind1">the reason Marie runs around with
                            trash</format>
                    </line>
                    <line n="7">
                        <format wordType="italics" margin="ind1">is she wants some cash?</format>
                    </line>
                </stanza>
                <stanza n="3">
                    <line n="8">Don't decent folks have dough?</line>
                </stanza>
            </body>
        </poem>
        <pb pNum="225"/>
        <poem cont="continued">
            <poemTitle>Sister</poemTitle>
            <body>
                <stanza n="4">
                    <line n="9">
                        <format wordType="italics" margin="ind1">Unfortunately usually no!</format>
                    </line>
                </stanza>
                <stanza n="5">
                    <line n="10">Well, anyway, it don't have to be a married man.</line>
                </stanza>
                <stanza n="6">
                    <line n="11">
                        <format wordType="italics" margin="ind1">Did it ever occur to you,
                            boy,</format>
                    </line>
                    <line n="12">
                        <format wordType="italics" margin="ind1">that a woman does the best she
                            can?</format>
                    </line>
                </stanza>
                <stanza n="7">
                    <line n="13">
                        <format wordType="italics" margin="ind2">Comment on Stoop</format>
                    </line>
                </stanza>
                <stanza n="8">
                    <line n="14">
                        <format wordType="italics">So does a man.</format>
                    </line>
                </stanza>
            </body>
        </poem>
        <poem>
            <poemTitle>Preference</poemTitle>
            <body>
                <stanza n="1">
                    <line n="1">I likes a woman</line>
                    <line n="1">six or eight and ten years older'n myself.</line>
                    <line n="1">I don't fool with these young girls.</line>
                    <line n="1">Young girl'll say,</line>
                    <line n="1">
                        <format wordType="italics" margin="ind1">Daddy, I want so-and-so.</format>
                    </line>
                    <line n="1">
                        <format wordType="italics" margin="ind1">I needs this, that, and the
                            other.</format>
                    </line>
                    <line n="1">But a old woman'll say,</line>
                    <line n="1">
                        <format wordType="italics" margin="ind1">Honey, what does YOU need?</format>
                    </line>
                    <!-- AW: Can I use the same element within itself? I had been using `<format wordType="caps>` for words in all capital letters, but in this case the word in caps is within an already formatted line. -->
                    <line n="1">
                        <format wordType="italics" margin="ind1">I just drawed my money
                            tonight</format>
                    </line>
                    <line n="1">
                        <format wordType="italics" margin="ind1">and it's all your'n</format>
                    </line>
                    <line n="1">That's why I likes a older woman</line>
                    <line n="1">who can appreciate me:</line>
                    <line n="1">When she conversations you</line>
                    <line n="1"> it ain't forever, <format wordType="italics">Gimme!</format>
                    </line>
                </stanza>
            </body>
        </poem>
        <pb pNum="226"/>
        <poem>
            <poemTitle>Necessity</poemTitle>
            <body>
                <stanza n="1">
                    <line n="1">Work?</line>
                    <line n="2">I don't have to work.</line>
                    <line n="3">I don't have to do nothing</line>
                    <line n="4">but eat, drink, stay black, and die.</line>
                    <line n="5">This little old furnished room's</line>
                    <line n="6">so small I can't whip a cat</line>
                    <line n="7">without getting fur in my mouth</line>
                    <line n="8">and my landlady's so old</line>
                    <line n="9">her features us all run together</line>
                    <line n="10">and God knows she sure can overcharge-</line>
                    <line n="11">Which is why I reckon I does</line>
                    <line n="12">have to work after all.</line>
                </stanza>
            </body>
        </poem>
        <poem>
            <poemTitle>Question</poemTitle>
            <body>
                <stanza n="1">
                    <line n="1">
                        <format wordType="italics" margin="ind1">Said the lady, Can you do</format>
                    </line>
                    <line n="2">
                        <format wordType="italics" margin="ind1">what my other man can't
                            do-</format>
                    </line>
                    <line n="3">
                        <format wordType="italics" margin="ind1">That is</format>
                    </line>
                    <line n="4">
                        <format wordType="italics" margin="ind1">love me, daddy-</format>
                    </line>
                    <line n="5">
                        <format wordType="italics" margin="ind1">and feed me, too?</format>
                    </line>
                    <line n="6">
                        <format wordType="italics" margin="ind2">Figurine</format>
                    </line>
                    <line n="7">
                        <format margin="ind1">De-dop!</format>
                    </line>
                </stanza>
            </body>
        </poem>
        <pb pNum="227"/>
        <poem>
            <poemTitle>Buddy</poemTitle>
            <body>
                <stanza n="1">
                    <line n="1">That kid's my buddy,</line>
                    <line n="2">still and yet</line>
                    <line n="3">I don't see him much.</line>
                    <line n="4">He works downtown for Twelve a week.</line>
                    <line n="5">Has to give his mother Ten-</line>
                    <line n="6">she says he can have</line>
                    <line n="7">the other Two</line>
                    <line n="8">to pay his carfare, buy a suit,</line>
                    <line n="9">coat, shoes,</line>
                    <line n="10">anything he wants out of it.</line>
                </stanza>
            </body>
        </poem>
        <poem>
            <poemTitle>Juke Box Love Song</poemTitle>
            <body>
                <stanza n="1">
                    <line n="1">I could take the Harlem night</line>
                    <line n="2">and wrap around you,</line>
                    <line n="3">Take the neon lights and make a crown,</line>
                    <line n="4">Take the Lenox Avenue busses,</line>
                    <line n="5">Taxis, subways,</line>
                    <line n="6">And for your love song tone their rumble down.</line>
                    <line n="7">Take Harlem's heartbeat,</line>
                    <line n="8">Make a drumbeat,</line>
                    <line n="9">Put it on a record, let it whirl,</line>
                    <line n="10">And while we listen to it play,</line>
                    <line n="11">Dance with you till day-</line>
                    <line n="12">Dance with you, my sweet brown Harlem girl.</line>
                </stanza>
            </body>
        </poem>
        <pb pNum="228"/>
        <poem>
            <poemTitle>Ultimatum</poemTitle>
            <body>
                <stanza n="1">
                    <line n="1">Baby, how come you can't see me</line>
                    <line n="2">when I'm paying your bills</line>
                    <line n="3">each and every week?</line>
                </stanza>
                <stanza n="2">
                    <line n="4">If you got somebody else,</line>
                    <line n="5">tell me-</line>
                    <line n="6">else I'll cut you off</line>
                    <line n="7">without your rent,</line>
                    <line n="8">I mean</line>
                    <line n="9">without a cent.</line>
                </stanza>
            </body>
        </poem>
        <poem>
            <poemTitle>Warning</poemTitle>
            <body>
                <stanza n="1">
                    <line n="1">
                        <format margin="ind1">Daddy,</format>
                    </line>
                    <line n="2">
                        <format margin="ind1">don't let your dog</format>
                    </line>
                    <line n="3">
                        <format margin="ind1">curb you!</format>
                    </line>
                </stanza>
            </body>
        </poem>
        <poem>
            <poemTitle>Croon</poemTitle>
            <body>
                <stanza n="1">
                    <line n="1">
                        <format margin="ind1">I don't give a damn</format>
                    </line>
                    <line n="2">
                        <format margin="ind1">For Alabam'</format>
                    </line>
                    <line n="3">
                        <format margin="ind1">Even if it is my home.</format>
                    </line>
                </stanza>
            </body>
        </poem>
        <poem>
            <poemTitle>New Yorkers</poemTitle>
            <body>
                <stanza n="1">
                    <line n="1">I was born here,</line>
                    <line n="2">that's no lie, he said,</line>
                    <line n="3">right here beneath God's sky.</line>
                </stanza>
            </body>
        </poem>
        <pb pNum="229"/>
        <poem cont="continued">
            <poemTitle>New Yorkers</poemTitle>
            <body>
                <stanza n="2">
                    <line n="4">
                        <format wordType="italics">I wasn't born here, she said,</format>
                    </line>
                    <line n="5">
                        <format wordType="italics">I come-and why?</format>
                    </line>
                    <line n="6">
                        <format wordType="italics">Where I come from</format>
                    </line>
                    <line n="7">
                        <format wordType="italics">folks work hard</format>
                    </line>
                    <line n="8">
                        <format wordType="italics">all their lives</format>
                    </line>
                    <line n="9">
                        <format wordType="italics">until they die</format>
                    </line>
                    <line n="10">
                        <format wordType="italics">and never own no parts</format>
                    </line>
                    <line n="11">
                        <format wordType="italics">of earth nor sky</format>
                    </line>
                    <line n="12">
                        <format wordType="italics">So I come up here.</format>
                    </line>
                    <line n="13">
                        <format wordType="italics">Now what've I got?</format>
                    </line>
                    <line n="14">
                        <format wordType="italics" margin="ind1">You!</format>
                    </line>
                </stanza>
                <stanza n="3">
                    <line n="15">She lifted up her lips</line>
                    <line n="16">in the dark:</line>
                    <line n="17">The same old spark!</line>
                </stanza>
            </body>
        </poem>
        <poem>
            <poemTitle>Wonder</poemTitle>
            <body>
                <stanza n="1">
                    <line n="1">Early blue evening.</line>
                    <line n="2">Lights ain't come on yet.</line>
                    <line n="3">
                        <format wordType="italics" margin="ind1">Looky yonder!</format>
                    </line>
                    <line n="4">
                        <format wordType="italics" margin="ind1">They come on now!</format>
                    </line>
                </stanza>
            </body>
        </poem>
        <poem>
            <poemTitle>Easy Boogie</poemTitle>
            <body>
                <stanza n="1">
                    <line n="1">Down in the bass</line>
                    <line n="2">That steady beat</line>
                    <line n="3">Walking walking walking</line>
                    <line n="4">Like marching feet.</line>
                </stanza>
            </body>
        </poem>
        <!--  up till 229  -->
        <!--  contributor: Daniel Hough  -->
        <pb pNum="230"/>
        <poem>
            <poemTitle>Movies</poemTitle>
            <body>
                <stanza n="1">
                    <line n="1">The Roosevelt, Renaissance, Gem, Alhambra:</line>
                    <line n="2">Harlem Laughing in all the wrong places</line>
                    <line n="3">
                        <format margin="ind1">at the crocodile tears</format>
                    </line>
                    <line n="4">
                        <format margin="ind1">of crocodile art</format>
                    </line>
                    <line n="5">
                        <format margin="ind1">that you know</format>
                    </line>
                    <line n="6">
                        <format margin="ind1">in your heart</format>
                    </line>
                    <line n="7">
                        <format margin="ind1">is crocodile:</format>
                    </line>
                </stanza>
                <stanza n="2">
                    <line n="8">
                        <format margin="ind1">(Hollywood</format>
                    </line>
                    <line n="9">
                        <format margin="ind1">laughs at me,</format>
                    </line>
                    <line n="10">
                        <format margin="ind1">black--</format>
                    </line>
                    <line n="11">
                        <format margin="ind1">so I laugh</format>
                    </line>
                    <line n="12">
                        <format margin="ind1">back.)</format>
                    </line>
                </stanza>
            </body>
        </poem>
        <pb pNum="231"/>
        <poem>
            <poemTitle>Tell Me</poemTitle>
            <body>
                <stanza n="1">
                    <line n="1"> Why should it be <format wordType="italics">my</format> loneliness, </line>
                    <line n="2"> Why should it be <format wordType="italics">my</format> song, </line>
                    <line n="3"> Why should it be <format wordType="italics">my</format> dream </line>
                    <line n="4">
                        <format margin="ind1">deferred</format>
                    </line>
                    <line n="5">
                        <format margin="ind1">overlong?</format>
                    </line>
                </stanza>
            </body>
        </poem>
        <poem>
            <poemTitle>Not a Movie</poemTitle>
            <body>
                <stanza n="1">
                    <line n="1">Well, they rocked him with road-apples</line>
                    <line n="2">because he tried to vote</line>
                    <line n="3">and whipped his head with clubs</line>
                    <line n="4">and he crawled on his knees to his house</line>
                    <line n="5">and he got the midnight train</line>
                    <line n="6">and he crossed that Dixie line</line>
                    <line n="7">now he's livin'</line>
                    <line n="8">on a 133rd.</line>
                </stanza>
                <stanza n="2">
                    <line n="9">He didn't stop in Washington</line>
                    <line n="10">and he didn't stop in Baltimore</line>
                    <line n="11">neither in Newark on the way.</line>
                    <line n="12">Six knots was on his head</line>
                    <line n="13">but, thank God, he wasn'r dead!</line>
                    <line n="14">And there ain't no Ku Klux</line>
                    <line n="15">on a 133rd</line>
                </stanza>
            </body>
        </poem>
        <pb pNum="232"/>
        <poem>
            <poemTitle>Neon Signs</poemTitle>
            <body>
                <stanza n="1">
                    <line n="1">WONDER BAR</line>
                    <line n="2">WISHING WELL</line>
                    <line n="3">MONTEREY</line>
                    <line n="4">MINTON'S</line>
                    <line n="5">(ancient altar of Thelonious)</line>
                    <line n="6">MANDALAY</line>
                    <line n="7">Spots where the booted</line>
                    <line n="8">and unbooted play</line>
                    <line n="9">SMALL'S</line>
                    <line n="10">CASBAH</line>
                </stanza>
            </body>
        </poem>
        <pb pNum="233"/>
        <poem cont="continued">
            <poemTitle>Neon Signs</poemTitle>
            <body>
                <stanza n="1">
                    <line n="11">SHALIMAR</line>
                    <line n="12">Mirror-go-round</line>
                    <line n="13">where a broken glass</line>
                    <line n="14">in the early bright</line>
                    <line n="15">smears re-bop</line>
                    <line n="16">sound</line>
                </stanza>
            </body>
        </poem>
        <poem>
            <poemTitle>Numbers</poemTitle>
            <body>
                <stanza n="1">
                    <line n="1">If I ever hit for a dollar</line>
                    <line n="2">gonna salt every dime away</line>
                    <line n="3">in the Post Office for a rainy day.</line>
                </stanza>
                <stanza n="2">
                    <line n="4">I ain't gonna</line>
                    <line n="5">play back a cent.</line>
                </stanza>
                <stanza n="3">
                    <line n="6">(Of course, I might</line>
                    <line n="7"> combinate <format wordType="italics">a little</format>
                    </line>
                    <line n="8">with my rent.)</line>
                </stanza>
            </body>
        </poem>
        <poem>
            <poemTitle>What? So Soon!</poemTitle>
            <body>
                <stanza n="1">
                    <line n="1">I believe my old lady's</line>
                    <line n="2">pregnant again!</line>
                </stanza>
            </body>
        </poem>
        <pb pNum="234"/>
        <poem cont="continued">
            <poemTitle>What? So Soon!</poemTitle>
            <body>
                <stanza n="1">
                    <line n="3">Fate must have</line>
                    <line n="4">some kind of trickeration</line>
                    <line n="5">to populate the</line>
                    <line n="6">cullud nation!</line>
                </stanza>
                <stanza n="2">
                    <line n="7">
                        <format margin="ind1" wordType="italics">Comment against Lamp Post</format>
                    </line>
                    <line n="8">
                        <format wordType="italics">You call it fate?</format>
                    </line>
                </stanza>
                <stanza n="3">
                    <line n="9">
                        <format margin="ind1" wordType="italics">Figurette</format>
                    </line>
                    <line n="10">
                        <format wordType="italics">De-daddle-dy!</format>
                    </line>
                    <line n="11">
                        <format wordType="italics">De-dop!</format>
                    </line>
                </stanza>
            </body>
        </poem>
        <poem>
            <poemTitle>Motto</poemTitle>
            <body>
                <stanza n="1">
                    <line n="1">I play it cool</line>
                    <line n="2">And dig all jive.</line>
                    <line n="3">That's the reason</line>
                    <line n="4">I stay alive.</line>
                </stanza>
                <stanza n="2">
                    <line n="5">My motto,</line>
                    <line n="6">As I live and learn,</line>
                    <line n="7">
                        <format margin="ind1">is:</format>
                    </line>
                    <line n="8">
                        <format wordType="italics">Dig and Be Dug</format>
                    </line>
                    <line n="9">
                        <format wordType="italics">In Return</format>
                    </line>
                </stanza>
            </body>
        </poem>
        <pb pNum="235"/>
        <poem>
            <poemTitle>Dead in There</poemTitle>
            <body>
                <stanza n="1">
                    <line n="1">Sometimes</line>
                    <line n="2">A night funeral</line>
                    <line n="3">Going by</line>
                    <line n="4">Carries home</line>
                    <line n="5">A cool bop daddy.</line>
                </stanza>
                <stanza n="2">
                    <line n="6">Hearse and flowers</line>
                    <line n="7">Guarantee</line>
                    <line n="8">He'll never hype</line>
                    <line n="9">Another paddy.</line>
                </stanza>
                <stanza n="3">
                    <line n="10">It's hard to believe,</line>
                    <line n="11">But dead in there,</line>
                    <line n="12">He'll never lay a</line>
                    <line n="13">Hype nowhere!</line>
                </stanza>
                <stanza n="4">
                    <line n="14">He's my ace-boy,</line>
                    <line n="15">Gone away.</line>
                    <line n="16">
                        <format wordType="italics">Wake up and live!</format>
                    </line>
                    <line n="17">He used to say.</line>
                </stanza>
                <stanza n="5">
                    <line n="18">Squares</line>
                    <line n="19">Who couldn't dig him,</line>
                    <line n="20">Plant him now--</line>
                    <line n="21">Out where it makes</line>
                    <line n="22">No diff' no how.</line>
                </stanza>
            </body>
        </poem>
        <poem>
            <poemTitle>Situation</poemTitle>
            <body>
                <stanza n="1">
                    <line n="1">When I rolled three 7's</line>
                    <line n="2">in a row</line>
                    <line n="3">I was scared to walk out</line>
                    <line n="4">with the dough.</line>
                </stanza>
            </body>
        </poem>
        <pb pNum="236"/>
        <poem>
            <poemTitle>Dancer</poemTitle>
            <body>
                <stanza n="1">
                    <line n="1">Two or three things in the past</line>
                    <line n="2">failed him</line>
                    <line n="3">that had not failed people</line>
                    <line n="4">of lesser genius.</line>
                </stanza>
                <stanza n="2">
                    <line n="5">In the first place</line>
                    <line n="6">he didn't have much sense.</line>
                    <line n="7">He was no good at making love</line>
                    <line n="8">and no good at making money.</line>
                    <line n="9">So he tapped,</line>
                    <line n="10">
                        <format margin="ind1">trucked,</format>
                    </line>
                    <line n="11">
                        <format margin="ind1">boogied,</format>
                    </line>
                    <line n="12">
                        <format margin="ind1">sanded,</format>
                    </line>
                    <line n="13">
                        <format margin="ind1">jittered,</format>
                    </line>
                    <line n="14">until he made folks say,</line>
                    <line n="15">
                        <format margin="ind1" wordType="italics">Looky yonder</format>
                    </line>
                    <line n="16">
                        <format margin="ind1" wordType="italics">at that boy!</format>
                    </line>
                    <line n="15">
                        <format margin="ind1" wordType="italics">Hey!</format>
                    </line>
                    <line n="16">But being no good at lovin'--</line>
                    <line n="17">the girls left him.</line>
                    <line n="18">(When you're no good for dough they go.)</line>
                    <line n="19">With no sense, just wonderful feet,</line>
                    <line n="20">What could possibly be all-reet?</line>
                    <line n="21">Did he get anywhere? No!</line>
                </stanza>
                <stanza n="3">
                    <line n="22">Even a great dancer</line>
                    <line n="23">can't C.P.T.</line>
                    <line n="24">a show.</line>
                </stanza>
            </body>
        </poem>
        <pb pNum="237"/>
        <poem>
            <poemTitle>Advice</poemTitle>
            <body>
                <stanza n="1">
                    <line n="1">Folks, I'm telling you,</line>
                    <line n="2">birthing is hard</line>
                    <line n="3">and dying is mean--</line>
                    <line n="4">so get yourself</line>
                    <line n="5">a little loving</line>
                    <line n="6">in between.</line>
                </stanza>
            </body>
        </poem>
        <poem>
            <poemTitle>Green Memory</poemTitle>
            <body>
                <stanza n="1">
                    <line n="1">A wonderful time--the War:</line>
                    <line n="2">when money rolled in</line>
                    <line n="3">and blood rolled out.</line>
                    <line n="4">
                        <format margin="ind1">But blood</format>
                    </line>
                    <line n="5">
                        <format margin="ind1">was far away</format>
                    </line>
                    <line n="4">
                        <format margin="ind1">from here--</format>
                    </line>
                    <line n="5">Money was near.</line>
                </stanza>
            </body>
        </poem>
        <poem>
            <poemTitle>Wine-O</poemTitle>
            <body>
                <stanza n="1">
                    <line n="1">Setting in the wine-house</line>
                    <line n="2">Soaking up a wine-souse</line>
                    <line n="3">Waiting for tomorrow to come--</line>
                    <line n="4">Then</line>
                    <line n="5">Setting in the wine-house</line>
                    <line n="6">Soaking up a new souse.</line>
                    <line n="7">Tomorrow...</line>
                    <line n="8">Oh, hum!</line>
                </stanza>
            </body>
        </poem>
        <!--  up to 237  -->
        <!--  contributor: Barbara Cesser  -->
        <pb pNum="242"/>
        <poem>
            <poemTitle>Tomorrow</poemTitle>
            <body>
                <stanza n="1">
                    <line n="1">Tomorrow may be</line>
                    <line n="2">a thousand years off</line>
                </stanza>
                <stanza n="2">
                    <line n="3">
                        <format wordType="caps">TWO DIMES AND A NICKLE ONLY</format>
                    </line>
                    <line n="4">says this particular</line>
                    <line n="5">cigarette machine </line>
                </stanza>
                <stanza n="3">
                    <line n="6">
                        <format wordType="italics">Some dawns</format>
                    </line>
                    <line n="7">
                        <format wordType="italics">wait.</format>
                    </line>
                </stanza>
            </body>
        </poem>
        <poem>
            <poemTitle>Mellow</poemTitle>
            <body>
                <stanza n="1">
                    <line n="1">
                        <format margin="ind1">Intro the lap</format>
                    </line>
                    <line n="2">
                        <format margin="ind1">of black celebrities</format>
                    </line>
                    <line n="3">
                        <format margin="ind1">white girls fall</format>
                    </line>
                    <line n="4">
                        <format margin="ind1">like pale plums from a tree</format>
                    </line>
                    <line n="5">
                        <format margin="ind1">beyond a high tension wall</format>
                    </line>
                    <line n="6">
                        <format margin="ind1">which makes it</format>
                    </line>
                    <line n="7">
                        <format margin="ind1">more thrilling.</format>
                    </line>
                </stanza>
            </body>
        </poem>
        <poem>
            <poemTitle>Live and Let Live</poemTitle>
            <body>
                <stanza n="1">
                    <line n="1">Maybe it ain't right-</line>
                    <line n="2">but the people of the night</line>
                    <line n="3">will give even</line>
                    <line n="4">a snake</line>
                    <line n="5">a break.</line>
                </stanza>
            </body>
        </poem>
        <poem>
            <poemTitle>Gauge</poemTitle>
            <body>
                <stanza n="1">
                    <line n="1">Hemp . . .</line>
                    <line n="2">A stick . . </line>
                    <line n="3">A roach . . </line>
                    <line n="4">Straw . . </line>
                    <line n="7">more thrilling.</line>
                </stanza>
            </body>
        </poem>
        <pb pNum="243"/>
        <poem>
            <poemTitle>Bar</poemTitle>
            <body>
                <stanza n="1">
                    <line n="1">That whiskey will cook the egg</line>
                    <line n="2">
                        <format wordType="italics" margin="ind1">say not so</format>
                    </line>
                    <line n="3">
                        <format wordType="italics" margin="ind1">Maybe the egg</format>
                    </line>
                    <line n="4">
                        <format wordType="italics" margin="ind1">will cook the whiskey.</format>
                    </line>
                    <line n="5">You ought to know!</line>
                </stanza>
            </body>
        </poem>
        <poem>
            <poemTitle>Cafe: 3 A.M.</poemTitle>
            <body>
                <stanza n="1">
                    <line n="1">Detectives from the vice squad -</line>
                    <line n="2">with weary sadistic eyes</line>
                    <line n="3">spotting fairies.</line>
                    <line n="4">
                        <format wordType="italics" margin="ind1">Degenerates</format>
                    </line>
                    <line n="5">
                        <format margin="ind1">Some folks say</format>
                    </line>
                    <line n="6">
                        <format margin="ind1">But God,Nature</format>
                    </line>
                    <line n="7">
                        <format margin="ind1"> or somebody</format>
                    </line>
                    <line n="6">
                        <format margin="ind1">made them that way</format>
                    </line>
                </stanza>
                <stanza n="2">
                    <line n="7">Police lady or Lesbian</line>
                    <line n="6"> over there?</line>
                    <line n="6">
                        <format margin="ind1">Where?</format>
                    </line>
                </stanza>
            </body>
        </poem>
        <!--  up to 243  -->
        <!--  contributor: Jacqueline Chan  -->
        <pb pNum="254"/>
        <poem>
            <poemTitle> Request </poemTitle>
            <body>
                <stanza n="1">
                    <line n="1">
                        <format margin="ind2">Gimme $25.00</format>
                    </line>
                    <line n="2">
                        <format margin="ind2">and the change.</format>
                    </line>
                    <line n="3">
                        <format margin="ind2">I'm going</format>
                    </line>
                    <line n="4">
                        <format margin="ind2">where the morning</format>
                    </line>
                    <line n="5">
                        <format margin="ind2">and the evening</format>
                    </line>
                    <line n="6">
                        <format margin="ind2">won't bother me.</format>
                    </line>
                </stanza>
            </body>
        </poem>
        <poem>
            <poemTitle>Shame on You</poemTitle>
            <body>
                <stanza n="1">
                    <line n="1">If you're great enough</line>
                    <line n="2">and clever enough</line>
                    <line n="3">the government might honor you.</line>
                    <line n="4">But the people will forget --</line>
                    <line n="5">Except on holidays.</line>
                </stanza>
                <stanza n="2">
                    <line n="1">A movie house in Harlem named after Lincoln,</line>
                    <line n="2">Nothing at all named after John Brown.</line>
                </stanza>
            </body>
        </poem>
        <pb pNum="255"/>
        <poem cont="continued">
            <poemTitle>Shame on You</poemTitle>
            <body>
                <stanza n="3">
                    <line n="1">Black people don't remember</line>
                    <line n="2">any better than white</line>
                </stanza>
                <stanza n="4">
                    <line n="1">If you're not alive and kicking,</line>
                    <line n="2">
                        <format wordType="italics">shame on you!</format>
                    </line>
                </stanza>
            </body>
        </poem>
        <poem>
            <poemTitle> World War II</poemTitle>
            <body>
                <stanza n="1">
                    <line n="1">What a grand time was the war!</line>
                    <line n="2">
                        <format margin="ind1">Oh, my, my!</format>
                    </line>
                    <line n="3">What a grand time was the war!</line>
                    <line n="4">
                        <format margin="ind1">My, my, my!</format>
                    </line>
                    <line n="5">In wartime we had fun,</line>
                    <line n="6">Sorry that old war is done!</line>
                    <line n="7">What a grand time was the war,</line>
                    <line n="8">
                        <format margin="ind1">My, my!</format>
                    </line>
                </stanza>
                <stanza n="2">
                    <line n="1">Echo:</line>
                    <line n="2">
                        <format wordType="italics" margin="ind1">Did</format>
                    </line>
                    <line n="3">
                        <format wordType="italics" margin="ind1">Somebody</format>
                    </line>
                    <line n="4">
                        <format wordType="italics" margin="ind1">Die?</format>
                    </line>
                </stanza>
            </body>
        </poem>
        <poem>
            <poemTitle>Mystery</poemTitle>
            <body>
                <stanza n="1">
                    <line n="1">When a chile gets to be thirteen</line>
                    <line n="2">and ain't seen Christ yet,</line>
                    <line n="3">she needs to set on de moaner's bench</line>
                    <line n="4">night and day.</line>
                </stanza>
            </body>
        </poem>
        <pb pNum="256"/>
        <poem cont="continued">
            <poemTitle>Mystery</poemTitle>
            <body>
                <stanza n="2">
                    <line n="1">
                        <format wordType="italics">Jesus, lover of my soul!</format>
                    </line>
                    <line n="2">Hail, Mary, mother of God!</line>
                    <line n="3">
                        <format wordType="italics">Let me to thy bosom fly!</format>
                    </line>
                    <line n="4">Amen! Hallelujah!</line>
                </stanza>
                <stanza n="3">
                    <line n="1">
                        <format wordType="italics">Swing low, sweet chariot,</format>
                    </line>
                    <line n="2">
                        <format wordType="italics">Coming for to carry me home.</format>
                    </line>
                </stanza>
                <stanza n="4">
                    <line n="1">Sunday morning where the rhythm flows,</line>
                    <line n="2">how old nobody knows --</line>
                    <line n="3">yet old as mystery,</line>
                    <line n="4">older than creed,</line>
                    <line n="5">basic and wondering</line>
                    <line n="6">and lost as my need.</line>
                </stanza>
                <stanza n="5">
                    <line n="1">
                        <format wordType="italics" margin="ind1">Eli, eli!</format>
                    </line>
                    <line n="2">
                        <format wordType="italics" margin="ind1">Te deum!</format>
                    </line>
                    <line n="3">
                        <format wordType="italics" margin="ind1">Mahomet!</format>
                    </line>
                    <line n="4">
                        <format wordType="italics" margin="ind1">Christ!</format>
                    </line>
                </stanza>
                <stanza n="6">
                    <line n="1">Father, Bishop, Effendi, Mother Horne.</line>
                    <line n="2">Father Drive, a Rabbi black</line>
                    <line n="3">as black was born</line>
                    <line n="4">a jack-leg preacher, a PH.D.</line>
                </stanza>
                <stanza n="7">
                    <line n="1">
                        <format wordType="italics" margin="ind1">The mystery</format>
                    </line>
                    <line n="2">
                        <format wordType="italics" margin="ind1">and the darkness</format>
                    </line>
                    <line n="3">
                        <format wordType="italics" margin="ind1">and the song</format>
                    </line>
                    <line n="4">
                        <format wordType="italics" margin="ind1">and me.</format>
                    </line>
                </stanza>
            </body>
        </poem>
        <pb pNum="257"/>
        <poem>
            <poemTitle>Sliver of Sermon</poemTitle>
            <body>
                <stanza n="1">
                    <line n="1">When pimps out of loneliness cry:</line>
                    <line n="2">
                        <format wordType="italics" margin="ind1">Great God!</format>
                    </line>
                    <line n="3">Whores in final weariness say:</line>
                    <line n="4">
                        <format wordType="italics" margin="ind1">Great God!</format>
                    </line>
                    <line n="5">
                        <format wordType="italics" margin="ind1">Oh, God!</format>
                    </line>
                    <line n="6">
                        <format wordType="italics" margin="ind1">My God!</format>
                    </line>
                </stanza>
                <stanza n="2">
                    <line n="1">
                        <format margin="ind1">Great</format>
                    </line>
                    <line n="2">
                        <format margin="ind1">God!</format>
                    </line>
                </stanza>
            </body>
        </poem>
        <poem>
            <poemTitle>Testimonial</poemTitle>
            <body>
                <stanza n="1">
                    <line n="1">If I just had a piano,</line>
                    <line n="2">if I just had a organ,</line>
                    <line n="3">if I just had a drum,</line>
                    <line n="4">how I could praise my Lord!</line>
                </stanza>
                <stanza n="2">
                    <line n="1">But I don't need no piano,</line>
                    <line n="2">
                        <format margin="ind1">neither organ</format>
                    </line>
                    <line n="3">
                        <format margin="ind1">nor drum</format>
                    </line>
                    <line n="4">for to praise my Lord</line>
                </stanza>
            </body>
        </poem>
        <poem>
            <poemTitle>Passing</poemTitle>
            <body>
                <stanza n="1">
                    <line n="1">On sunny summer Sunday afternoons in Harlem</line>
                    <line n="2">when the air is one interminable ball game</line>
                    <line n="3">and grandma cannot get her gospel hymns</line>
                    <line n="4">from the Saints of God in Christ</line>
                    <line n="5">on account of the Dodgers on the radio,</line>
                </stanza>
            </body>
        </poem>
        <pb pNum="258"/>
        <poem cont="continued">
            <poemTitle>Passing</poemTitle>
            <body>
                <stanza n="2">
                    <line n="1">on sunny Sunday afternoons</line>
                    <line n="2">when the kids look all new</line>
                    <line n="3">and far too clean to stay that way,</line>
                    <line n="4">and Harlem has its</line>
                    <line n="5">washed-and-ironed-and-cleaned-best out,</line>
                    <line n="6">the ones who've crossed the line</line>
                    <line n="7">to live downtown</line>
                    <line n="8">miss you,</line>
                    <line n="9">Harlem of the bitter dream</line>
                    <line n="10">since their dream has</line>
                    <line n="11">come true.</line>
                </stanza>
            </body>
        </poem>
        <poem>
            <poemTitle>Nightmare Boogie</poemTitle>
            <body>
                <stanza n="1">
                    <line n="1">
                        <format margin="ind1">I had a dream</format>
                    </line>
                    <line n="2">
                        <format margin="ind1">and I could see</format>
                    </line>
                    <line n="3">
                        <format margin="ind1">a million faces</format>
                    </line>
                    <line n="4">
                        <format margin="ind1">black as me!</format>
                    </line>
                    <line n="5">
                        <format margin="ind1">A nightmare dream:</format>
                    </line>
                    <line n="6">
                        <format wordType="italics" margin="ind1">Quicker than light</format>
                    </line>
                    <line n="7">
                        <format wordType="italics" margin="ind1">All them faces</format>
                    </line>
                    <line n="8">
                        <format wordType="italics" margin="ind1">Turned dead white|</format>
                    </line>
                    <line n="9">
                        <format margin="ind1">Boogie-woogie,</format>
                    </line>
                    <line n="10">
                        <format margin="ind1">Rolling bass,</format>
                    </line>
                    <line n="11">
                        <format margin="ind1">Whirling treble</format>
                    </line>
                    <line n="12">
                        <format margin="ind1">of cat-gut lace.</format>
                    </line>
                </stanza>
            </body>
        </poem>
        <pb pNum="259"/>
        <poem>
            <poemTitle>Sunday by the Combination</poemTitle>
            <body>
                <stanza n="1">
                    <line n="1">I feel like dancin', baby,</line>
                    <line n="2">till the sun goes down.</line>
                </stanza>
                <stanza n="2">
                    <line n="1">But I wonder where</line>
                    <line n="2">the sunrise</line>
                    <line n="3">Monday morning's gonna be?</line>
                </stanza>
                <stanza n="3">
                    <line n="1">I feel like dancin'!</line>
                    <line n="2">Baby, dance with me!</line>
                </stanza>
            </body>
        </poem>
        <poem>
            <poemTitle>
                <format wordType="circled">Casualty</format>
            </poemTitle>
            <body>
                <stanza n="1">
                    <line n="1">He was a soldier in the army,</line>
                    <line n="2">But he doesn't walk like one.</line>
                    <line n="3"> He walks like his soldiering <format wordType="handwritten"> *
                            <!--  jkc: I don't know what is written here  -->
                        </format>
                    </line>
                    <line n="4">Days are done.</line>
                </stanza>
                <stanza n="2">
                    <line n="1">Son! ... Son!</line>
                </stanza>
            </body>
        </poem>
        <poem>
            <poemTitle>Night Funeral in Harlem</poemTitle>
            <body>
                <stanza n="1">
                    <line n="1">
                        <format margin="ind1">Night funeral</format>
                    </line>
                    <line n="2">
                        <format margin="ind1">In Harlem:</format>
                    </line>
                </stanza>
                <stanza n="2">
                    <line n="1">
                        <format wordType="italics" margin="ind1">Where did they get</format>
                    </line>
                    <line n="2">
                        <format wordType="italics" margin="ind1">Them two fine cars?</format>
                    </line>
                </stanza>
                <stanza n="3">
                    <line n="1">Insurance man, he did not pay -- </line>
                    <line n="2">His insurance lapsed the other day -- </line>
                </stanza>
            </body>
        </poem>
        <!--  up to 259  -->
        <!--  contributor: Aidan Olsen  -->
        <pb pNum="266"/>
        <poem cont="continued">
            <poemTitle>Brothers</poemTitle>
            <body>
                <stanza n="4">
                    <line n="5">Kinsmen-you and I,</line>
                    <line n="6">You from Africa,</line>
                    <line n="7">I from the U.S.A.</line>
                    <line n="8">Brother-you and I.</line>
                </stanza>
            </body>
        </poem>
        <poem>
            <poemTitle>Likewise</poemTitle>
            <body>
                <stanza n="1">
                    <line n="1">The Jews:</line>
                </stanza>
                <stanza n="2">
                    <line n="2">Groceries</line>
                    <line n="3">Suits</line>
                    <line n="4">Fruits</line>
                    <line n="5">Watches</line>
                    <line n="6">Diamond rings</line>
                    <line n="7">
                        <format wordType="caps">THE DAILY NEWS</format>
                    </line>
                </stanza>
                <stanza n="3">
                    <line n="8">Jews sell me things.</line>
                    <line n="9">Yom Kippur, no!</line>
                    <line n="10">Shops all over Harlem</line>
                    <line n="11">close up tight that night.</line>
                </stanza>
                <stanza n="4">
                    <line n="11">Some folks blame high prices on the Jews.</line>
                    <line n="12">(Some folks blame too much on Jews.)</line>
                    <line n="13">But in Harlem they don't answer back,</line>
                    <line n="14">Just maybe shrug their shoulders,</line>
                    <line n="15">"What's the use?"</line>
                    <line n="16">What's the use</line>
                    <line n="17">in Harlem?</line>
                    <line n="18">What's the use?</line>
                    <line n="19">What's the Harlem?</line>
                    <line n="20">Use in Harlem</line>
                </stanza>
            </body>
        </poem>
        <pb pNum="267"/>
        <poem cont="continued">
            <poemTitle>Likewise</poemTitle>
            <body>
                <stanza n="5">
                    <line n="21">
                        <format wordType="italics">Hey!</format>
                    </line>
                    <line n="22">
                        <format wordType="italics">Baba-re-bop!</format>
                    </line>
                    <line n="23">
                        <format wordType="italics">Mop!</format>
                    </line>
                    <line n="24">
                        <format wordType="italics">On a be-bop kick!</format>
                    </line>
                </stanza>
                <stanza n="6">
                    <line n="25">Sometimes I think</line>
                    <line n="26">Jews have heard</line>
                    <line n="27">the music of a</line>
                    <line n="28">dream deferred.</line>
                </stanza>
            </body>
        </poem>
        <poem>
            <poemTitle>Silver</poemTitle>
            <body>
                <stanza n="1">
                    <line n="1">Cheap little rhymes</line>
                    <line n="2">A cheap little tune</line>
                    <line n="3">Are sometimes as dangerous</line>
                    <line n="4">As a sliver of the moon.</line>
                    <line n="5">A cheap little tune</line>
                    <line n="6">To cheap little rhymes</line>
                    <line n="7">Can cut a man's</line>
                    <line n="8">Throat sometimes.</line>
                </stanza>
            </body>
        </poem>
        <poem>
            <poemTitle>Hope</poemTitle>
            <body>
                <stanza n="1">
                    <line n="1">He rose up on his dying bed</line>
                    <line n="2">and asked for fish.</line>
                    <line n="3">His wife looked it up in her dream book</line>
                    <line n="4">and played it.</line>
                </stanza>
            </body>
        </poem>
        <pb pNum="268"/>
        <!--  up to 268  -->
    </text>
</xml>
